accuracy,f1
0.7927608232789212,0.6548463356973995
