accuracy,f1
0.7757274662881476,0.6527472527472528
